﻿店铺名称,店铺具体地址,店铺具体坐标.纬度,店铺具体坐标.经度,店铺所在地区,店铺所在城市,店铺所在省份,店铺类别
芙蓉兴盛璟汇超市(航天·兴隆国际店),马池中路航天兴隆国际一期2栋一层商业1室,30.658121,114.228559,东西湖区,武汉市,湖北省,购物服务;便民商店/便利店;便民商店/便利店
燃果园(新澳阳光城店),环湖中路东铁塔路新澳阳光城正门中百超市旁边,30.659488,114.23011,东西湖区,武汉市,湖北省,购物服务;综合市场;果品市场
family52便利店,航天兴隆国际1-商4号,30.657909,114.227109,东西湖区,武汉市,湖北省,购物服务;便民商店/便利店;便民商店/便利店
惠品果蔬(航天·兴隆国际店),马池中路航天兴隆国际,30.657802,114.227006,东西湖区,武汉市,湖北省,购物服务;综合市场;果品市场
俊泽烟酒店(马池中路),航天·兴隆国际北门西220米,30.657743,114.226679,东西湖区,武汉市,湖北省,购物服务;专卖店;烟酒专卖店
非凡超市(联通佳苑西),环湖中路105号联通佳苑2栋,30.655589,114.229906,东西湖区,武汉市,湖北省,购物服务;便民商店/便利店;便民商店/便利店
Y.y宠物生活馆(航天·兴隆国际店),航天兴隆国际7-1商6,30.657409,114.226538,东西湖区,武汉市,湖北省,购物服务;专卖店;宠物用品店
友家便利店(璟汇路店),联通佳苑,30.6556,114.230302,东西湖区,武汉市,湖北省,购物服务;便民商店/便利店;便民商店/便利店
贵州习酒烟酒商贸,马池中路南环湖中东航天兴隆国际6栋1层商铺,30.656917,114.226395,东西湖区,武汉市,湖北省,购物服务;专卖店;烟酒专卖店
黑米萌宠(金拓·银湖时代店),环湖中路183号金拓·银湖时代门面G5S3-9,30.655567,114.227695,东西湖区,武汉市,湖北省,购物服务;专卖店;宠物用品店
博雅教育书店,璟汇路3附35联通佳苑,30.655487,114.23158,东西湖区,武汉市,湖北省,购物服务;专卖店;书店
方太社区5S店,璟汇路与环湖中路交叉口东180米,30.655526,114.227366,东西湖区,武汉市,湖北省,购物服务;家居建材市场;厨卫市场
雅迪电动车(马池店),马池地铁站旁璟汇路金拓银湖时代1号门,30.655384,114.227559,东西湖区,武汉市,湖北省,购物服务;专卖店;自行车专卖店
贵州茅台酒股份有限公司出品,联通佳苑,30.655507,114.232047,东西湖区,武汉市,湖北省,购物服务;专卖店;烟酒专卖店
汉森便利店,环湖中路与璟汇路交叉口东北120米,30.656257,114.226305,东西湖区,武汉市,湖北省,购物服务;便民商店/便利店;便民商店/便利店
曙涛烟酒(金拓银湖时代店),金拓银湖时代,30.655573,114.227071,东西湖区,武汉市,湖北省,购物服务;专卖店;烟酒专卖店
伊利生鲜超市(金拓·银湖时代店),马池环湖中路183号,30.655411,114.227324,东西湖区,武汉市,湖北省,购物服务;购物相关场所;购物相关场所
希兵便利店,环湖中路与璟汇路交叉口东北120米,30.656323,114.226216,东西湖区,武汉市,湖北省,购物服务;便民商店/便利店;便民商店/便利店
爱玛电动车(马池常青店),马池金拓银湖时代外商G2-27爱玛电动车,30.655546,114.227082,东西湖区,武汉市,湖北省,购物服务;专卖店;专营店
艾康生活馆(金拓银湖时代店),金拓银湖时代南门西50米,30.65556,114.226815,东西湖区,武汉市,湖北省,购物服务;购物相关场所;购物相关场所
燕子窗帘(沿海丽水佳园店),璟汇路与环湖中路交叉口东120米,30.655072,114.226766,东西湖区,武汉市,湖北省,购物服务;家居建材市场;布艺市场
中百仓储(庭瑞新汉口店),环湖中路和马池中路交叉口,30.658105,114.224799,东西湖区,武汉市,湖北省,购物服务;超级市场;超市
LENS LOOK亮视点眼镜(庭悦荟中百仓储店),马池中路9号(庭悦荟中百仓储入口),30.658139,114.224704,东西湖区,武汉市,湖北省,购物服务;专卖店;眼镜店
依米数码(沿海丽水佳园店),丽水佳园D2-2栋,30.653973,114.229147,东西湖区,武汉市,湖北省,购物服务;家电电子卖场;数码电子
庭瑞新汉口芙蓉兴盛便利超市(马池北路店),庭瑞新汉口南门东90米,30.658718,114.224344,东西湖区,武汉市,湖北省,购物服务;便民商店/便利店;便民商店/便利店
庭悦荟,环湖中路与马池中路交叉路西北(汉口印象),30.657986,114.224323,东西湖区,武汉市,湖北省,购物服务;商场;商场
可多便利708号庭瑞新汉口店,马池中路176号附4号,30.658724,114.22419,东西湖区,武汉市,湖北省,购物服务;便民商店/便利店;便民商店/便利店
尚品国粹馆(庭瑞新汉口C区店),庭瑞新汉口C区,30.658692,114.224147,东西湖区,武汉市,湖北省,购物服务;购物相关场所;购物相关场所
颂心便利店,美联奥林匹克花园5期西门,30.657802,114.235211,东西湖区,武汉市,湖北省,购物服务;便民商店/便利店;便民商店/便利店
天鲜配(美联奥林匹克花园5期店),美联·奥林匹克花园5期,30.657672,114.235275,东西湖区,武汉市,湖北省,购物服务;购物相关场所;购物相关场所
沐溪花园,金银湖办事处马池中路9号家美天晟阳光城2期B3号楼1层31,30.657897,114.223757,东西湖区,武汉市,湖北省,购物服务;花鸟鱼虫市场;花卉市场
丰业烟酒,马池中路二号路庭瑞新汉口二期B2B3栋,30.657937,114.223689,东西湖区,武汉市,湖北省,购物服务;专卖店;烟酒专卖店
美宜家超市,马池中路庭瑞新汉口B1栋814室,30.657689,114.223722,东西湖区,武汉市,湖北省,购物服务;便民商店/便利店;便民商店/便利店
婵婵文具店,将军路街道奥林匹克花园5期41栋一楼11号门面,30.657388,114.235747,东西湖区,武汉市,湖北省,购物服务;购物相关场所;购物相关场所
华泽惠友数码生活馆,二号路与马池西路交叉口东140米,30.6577,114.223514,东西湖区,武汉市,湖北省,购物服务;家电电子卖场;数码电子
鑫福缘平价超市(沿海丽水佳园店),马池路丽水佳园1号附95号,30.654222,114.225804,东西湖区,武汉市,湖北省,购物服务;便民商店/便利店;便民商店/便利店
非凡超市(马池北路店),万丰·丰泽园东南门东60米,30.661546,114.224528,东西湖区,武汉市,湖北省,购物服务;便民商店/便利店;便民商店/便利店
佳选超市(环湖中路店),金银潭大道环湖中路马池北路万丰丰泽园29栋,30.661264,114.223854,东西湖区,武汉市,湖北省,购物服务;超级市场;超市
回力飞跃授权专卖店,庭瑞新汉口悦荟B1栋一楼28/,30.657149,114.222927,东西湖区,武汉市,湖北省,购物服务;体育用品店;体育用品店
楼下佰佳生鲜(丰泽园店),万丰·丰泽园东南2门东60米,30.661127,114.223504,东西湖区,武汉市,湖北省,购物服务;综合市场;农副产品市场
玲玲平价超市(巴黎奥运村西南店),美联奥林匹克花园19栋6号,30.654133,114.234434,东西湖区,武汉市,湖北省,购物服务;超级市场;超市|购物服务;便民商店/便利店;便民商店/便利店
锅圈食汇火锅烧烤食材超市(金银湖庭瑞新汉口店),环湖中路176附39国际丽都庭瑞新汉口C区7栋,30.658504,114.223726,东西湖区,武汉市,湖北省,购物服务;综合市场;农副产品市场
宝岛眼镜(马池中路庭瑞荟店),金银湖办事处马池中路9号家美天晟阳光城汉口印象二期B1号楼1层商43,30.65696,114.222795,东西湖区,武汉市,湖北省,购物服务;专卖店;眼镜店
芙蓉兴盛便利超市(刘洋副食店),将军路美联奥林匹克花园1期2区19栋,30.654226,114.23473,东西湖区,武汉市,湖北省,购物服务;便民商店/便利店;便民商店/便利店
吴氏酒庄(庭瑞新汉口C区店),二号路与马池西路交叉口东北60米,30.658027,114.222532,东西湖区,武汉市,湖北省,购物服务;专卖店;烟酒专卖店
龙眼科技,庭瑞新汉口b1栋,30.657472,114.222604,东西湖区,武汉市,湖北省,购物服务;家电电子卖场;数码电子
点点超市(轻工大学店),马池路沿海丽水佳园c1-3-23,30.653742,114.224951,东西湖区,武汉市,湖北省,购物服务;便民商店/便利店;便民商店/便利店
芙蓉兴盛便利超市(沿海丽水佳园店),马池路1号附52号,30.653109,114.225852,东西湖区,武汉市,湖北省,购物服务;超级市场;超市
中国移动(金银湖校区品牌店),马池路1-73号附近,30.653173,114.225706,东西湖区,武汉市,湖北省,购物服务;家电电子卖场;手机销售
可口佳(沿海丽水佳园店),金银湖马池路特1号沿海丽水佳园,30.653106,114.225727,东西湖区,武汉市,湖北省,购物服务;便民商店/便利店;便民商店/便利店
尚韵花坊,美联奥林匹克花园一期二区10栋1层商9号,30.653596,114.234416,东西湖区,武汉市,湖北省,购物服务;花鸟鱼虫市场;花卉市场
湖南纯粮酒坊(马池北路店),万丰·丰泽园东南2门旁,30.660764,114.222692,东西湖区,武汉市,湖北省,购物服务;专卖店;烟酒专卖店
老农民生鲜(丽水店),金银湖街道环湖中路丽水佳园会所一楼,30.652762,114.226134,东西湖区,武汉市,湖北省,购物服务;综合市场;农副产品市场
北冰洋(靓靓副食店),将军路街道马池二村100号,30.663498,114.234436,东西湖区,武汉市,湖北省,购物服务;便民商店/便利店;便民商店/便利店
靓靓副食,将军路街道马池二村100号,30.66362,114.234261,东西湖区,武汉市,湖北省,购物服务;便民商店/便利店;便民商店/便利店
百姓超市(二号路),李家墩社区金湖苑东门东南70米,30.658263,114.221946,东西湖区,武汉市,湖北省,购物服务;便民商店/便利店;便民商店/便利店
和馨布艺,马池西路金湖苑,30.658187,114.221942,东西湖区,武汉市,湖北省,购物服务;家居建材市场;布艺市场
芬明烟酒(金湖苑小区店),金苑街7号附124号,30.658126,114.221939,东西湖区,武汉市,湖北省,购物服务;专卖店;烟酒专卖店
芙蓉兴盛便利超市(思远便利店)(金湖苑小区店),环湖中路170附32号万丰丰泽园商铺,30.65879,114.221902,东西湖区,武汉市,湖北省,购物服务;便民商店/便利店;便民商店/便利店
爱玛电动车(金湖苑店),金湖苑小区,30.659191,114.221923,东西湖区,武汉市,湖北省,购物服务;专卖店;自行车专卖店
芙蓉兴盛便利超市(马池北路店),万丰·丰泽园东南2门西60米,30.660889,114.222403,东西湖区,武汉市,湖北省,购物服务;便民商店/便利店;便民商店/便利店
海海副食批发部,常青花园新区街道管理委员会常青花园马池路美联-奥林匹克花园11栋,30.652987,114.234235,东西湖区,武汉市,湖北省,购物服务;便民商店/便利店;便民商店/便利店
群欣电脑监控,奥园西路2号附37号,30.652895,114.234183,东西湖区,武汉市,湖北省,购物服务;家电电子卖场;数码电子
烟酒超市(金湖苑小区店),二号路金湖苑小区,30.657686,114.221761,东西湖区,武汉市,湖北省,购物服务;专卖店;烟酒专卖店
群军电脑安防,奥园西路2号附37号,30.652848,114.234202,东西湖区,武汉市,湖北省,购物服务;家电电子卖场;数码电子
丰泽园冷批(万丰·丰泽园店),万丰·丰泽园西门南170米,30.660998,114.222216,东西湖区,武汉市,湖北省,购物服务;购物相关场所;购物相关场所
中国移动(金湖苑小区店),丽水佳园C-510号门面,30.657632,114.221687,东西湖区,武汉市,湖北省,购物服务;家电电子卖场;手机销售
花语芬飞鲜花店,环湖中路22号丰泽园生鲜市场一楼20号,30.661064,114.22221,东西湖区,武汉市,湖北省,购物服务;花鸟鱼虫市场;花卉市场
中百超市(美联奥园店),奥园西路2号美联奥林匹克花园一期一区1栋1、2层商1,30.652102,114.233961,东西湖区,武汉市,湖北省,购物服务;超级市场;超市
米小米团购站(丽水佳园店),马池路特1号A14栋103,30.651377,114.229173,东西湖区,武汉市,湖北省,购物服务;购物相关场所;购物相关场所
康明眼镜(金银湖分店),环湖中路36号轻功大学金银湖校区,30.654481,114.222746,东西湖区,武汉市,湖北省,购物服务;专卖店;眼镜店
桂元副食批发,碧水北路与碧水小路交叉口东北40米,30.66398,114.234835,东西湖区,武汉市,湖北省,购物服务;便民商店/便利店;便民商店/便利店
精益眼镜(马池店),金银湖街道金湖苑小区门面21-1号铺,30.65749,114.221299,东西湖区,武汉市,湖北省,购物服务;专卖店;眼镜店
桂元百货平价超市,将军路街道马池社区常青村108号,30.664063,114.234957,东西湖区,武汉市,湖北省,购物服务;便民商店/便利店;便民商店/便利店
有家便利店,外环东路与外环北路交叉口南100米,30.654329,114.222577,东西湖区,武汉市,湖北省,购物服务;便民商店/便利店;便民商店/便利店
联合一百(美联奥园店),美联·奥林匹克花园附近,30.652089,114.23398,东西湖区,武汉市,湖北省,购物服务;超级市场;超市
金银烟酒城(金湖苑小区店),金湖苑小区东南门东70米,30.657405,114.221032,东西湖区,武汉市,湖北省,购物服务;专卖店;烟酒专卖店
转森超市奥园店,奥园西路2号美联奥林匹克花园一期区3栋,30.651648,114.233838,东西湖区,武汉市,湖北省,购物服务;专卖店;礼品饰品店
一语花香·鲜花坊(一朵鲜花),金银湖街道金湖苑4-14号,30.657241,114.220663,东西湖区,武汉市,湖北省,购物服务;花鸟鱼虫市场;花卉市场
宜佳超市(二号路店),金湖苑小区东南门旁,30.65721,114.220576,东西湖区,武汉市,湖北省,购物服务;便民商店/便利店;便民商店/便利店
田天便民超市(美联奥园店),美联奥林匹克花园二期29幢1层商1号,30.65416,114.237421,东西湖区,武汉市,湖北省,购物服务;便民商店/便利店;便民商店/便利店
白云边(奥园便利店),美联二期30栋商9,30.654226,114.237559,东西湖区,武汉市,湖北省,购物服务;便民商店/便利店;便民商店/便利店
常青副食,碧水北路与东西湖堤交叉口西260米,30.664438,114.235949,东西湖区,武汉市,湖北省,购物服务;便民商店/便利店;便民商店/便利店
人间理想精酿啤酒,将军路街奥园西路2号美联奥林匹克花园四期6栋一层17商铺,30.654678,114.238005,东西湖区,武汉市,湖北省,购物服务;专卖店;烟酒专卖店
芙蓉兴盛便利超市(二号路店),马池环建小区金湖苑1-25-26-27号,30.657041,114.220271,东西湖区,武汉市,湖北省,购物服务;便民商店/便利店;便民商店/便利店
美宜佳(奥园东路店),美联奥林匹克花园四期东门美宜佳,30.654916,114.238334,东西湖区,武汉市,湖北省,购物服务;便民商店/便利店;便民商店/便利店
美的智慧家,奥园东路美联四期6栋商10,30.65472,114.238252,东西湖区,武汉市,湖北省,购物服务;家电电子卖场;家电电子卖场
烟酒商贸,奥园东路美联奥林匹克花园,30.654723,114.238282,东西湖区,武汉市,湖北省,购物服务;专卖店;烟酒专卖店
联合超市(沿海丽水佳园店),沿海丽水佳园西1门南240米,30.650759,114.225661,东西湖区,武汉市,湖北省,购物服务;超级市场;超市
高盛通讯(沿海丽水佳园店),环湖中路与马池路交叉口北100米,30.650689,114.225704,东西湖区,武汉市,湖北省,购物服务;家电电子卖场;手机销售
惠品果蔬(银湖苑分店),金湖苑小区东南门西南50米,30.656966,114.219961,东西湖区,武汉市,湖北省,购物服务;综合市场;果品市场
弘昌运动城,常青北路与金银潭大道交叉口北180米,30.650854,114.234024,东西湖区,武汉市,湖北省,购物服务;专卖店;专营店
爱尚渔具,马池路一号附二,30.650688,114.22559,东西湖区,武汉市,湖北省,购物服务;专卖店;专营店
兴发五金建材(环湖中路店),马池路1附36号附近,30.650536,114.225697,东西湖区,武汉市,湖北省,购物服务;家居建材市场;建材五金市场
中睿渔具,将军路街道办事处常青村11号,30.664562,114.236549,东西湖区,武汉市,湖北省,购物服务;专卖店;专营店
天猫小店,环湖中路与马池路交叉口东北80米,30.650349,114.226066,东西湖区,武汉市,湖北省,购物服务;便民商店/便利店;便民商店/便利店
雅迪电动车(美联奥林匹克花园店),奥园东路与碧水南路交汇处,30.655529,114.239228,东西湖区,武汉市,湖北省,购物服务;专卖店;自行车专卖店
糖糖宠屋(金地北辰阅风华店),金地北辰阅风华5栋一楼十号商铺,30.655074,114.239011,东西湖区,武汉市,湖北省,购物服务;专卖店;宠物用品店
深夜的酒(金湖苑小区店),汀香北路金湖苑小区,30.657446,114.219511,东西湖区,武汉市,湖北省,购物服务;专卖店;专营店
邻里超市(金湖苑小区店),金湖苑小区西门旁,30.657614,114.219466,东西湖区,武汉市,湖北省,购物服务;便民商店/便利店;便民商店/便利店
金薇(金湖苑小区店),汀香北路金湖苑小区,30.657363,114.219491,东西湖区,武汉市,湖北省,购物服务;购物相关场所;购物相关场所
中国联通(汀香北路店),汀香北路金湖苑7栋8号,30.658454,114.219405,东西湖区,武汉市,湖北省,购物服务;家电电子卖场;手机销售
转森便利(阅风华店),金银潭大道以北奥园东路以东金地北辰阅风华五号楼9号商铺,30.654807,114.239089,东西湖区,武汉市,湖北省,购物服务;便民商店/便利店;便民商店/便利店
东兴华庭营销中心,汀香北路汉口印象1期,30.655899,114.219698,东西湖区,武汉市,湖北省,购物服务;购物相关场所;购物相关场所
萍欣烟酒商行(金湖苑小区店),金银湖街道汀香北路金湖苑门面6-2,30.658347,114.219234,东西湖区,武汉市,湖北省,购物服务;专卖店;烟酒专卖店
禾泽副批(金湖苑小区店),金湖苑小区西门西南70米,30.657048,114.219346,东西湖区,武汉市,湖北省,购物服务;便民商店/便利店;便民商店/便利店
宜佳布艺,美联奥林匹克花园18栋,30.651787,114.236709,东西湖区,武汉市,湖北省,购物服务;家居建材市场;布艺市场
风华便利店,奥园东路与碧水南路交叉口东南140米,30.654415,114.239244,东西湖区,武汉市,湖北省,购物服务;便民商店/便利店;便民商店/便利店
灵敏便利超市(银湖苑店),汀香北路银湖苑,30.658051,114.218921,东西湖区,武汉市,湖北省,购物服务;便民商店/便利店;便民商店/便利店
副食日杂,汀香北路银湖苑,30.657405,114.21893,东西湖区,武汉市,湖北省,购物服务;便民商店/便利店;便民商店/便利店
可多超市(奥林花园店),金银潭地铁站附近美联奥林匹克花园28栋一号商铺,30.653632,114.238878,东西湖区,武汉市,湖北省,购物服务;便民商店/便利店;便民商店/便利店
美好驿站(美联·奥林匹克花园二期店),美联·奥林匹克花园二期东北1门旁,30.653522,114.238857,东西湖区,武汉市,湖北省,生活服务;生活服务场所;生活服务场所|住宿服务;住宿服务相关;住宿服务相关|购物服务;购物相关场所;购物相关场所
如意副食批发,金银湖马池北路银湖苑1-22号,30.658786,114.218763,东西湖区,武汉市,湖北省,购物服务;便民商店/便利店;便民商店/便利店
可多便利362号奥林花园店,奥园东路5号附35号,30.653546,114.238982,东西湖区,武汉市,湖北省,购物服务;便民商店/便利店;便民商店/便利店
阿里之门(美联奥园风情街店),美联·奥林匹克花园商业街23号/26栋群楼商10号,30.653304,114.238997,东西湖区,武汉市,湖北省,购物服务;便民商店/便利店;便民商店/便利店
ROSYREVE珠宝设计工作室(金银湖别墅店),滨河路金银湖别墅碧天阁,30.662276,114.219447,东西湖区,武汉市,湖北省,购物服务;专卖店;珠宝首饰工艺品
格格花坊(美联·奥林匹克花园二期店),奥园东路与碧水南路交叉口南240米,30.653275,114.239023,东西湖区,武汉市,湖北省,购物服务;花鸟鱼虫市场;花卉市场
鲜果园(奥园东路),美联·奥林匹克花园二期东北1门旁,30.653222,114.239102,东西湖区,武汉市,湖北省,购物服务;综合市场;果品市场
美联奥园生活广场(美联·奥林匹克花园二期店),金银潭永旺旁,30.652998,114.239056,东西湖区,武汉市,湖北省,购物服务;商场;购物中心
雅印上品(永旺梦乐城店),金银潭大道1号永旺梦乐城武汉金银潭店3F层,30.650753,114.236761,东西湖区,武汉市,湖北省,购物服务;专卖店;专营店
烟酒商城,金银潭路美联奥林匹克花园26栋A01商铺,30.652915,114.239232,东西湖区,武汉市,湖北省,购物服务;专卖店;烟酒专卖店
家佳康美联奥园店,关联奥林匹克花园二期2326栋裙楼1-2层菜场入10,30.652921,114.239219,东西湖区,武汉市,湖北省,购物服务;购物相关场所;购物相关场所
奥鑫超市(美联奥园店),美联奥林匹克花园商业街23栋裙楼商1,30.652589,114.239044,东西湖区,武汉市,湖北省,购物服务;便民商店/便利店;便民商店/便利店
百氏汇(美联·奥林匹克花园二期店),奥园东路与碧水南路交叉口南320米,30.652599,114.239055,东西湖区,武汉市,湖北省,购物服务;便民商店/便利店;便民商店/便利店
萱子饰品(武汉金银潭永旺梦乐城店),金银潭大道1号永旺梦乐城2F层205,30.650672,114.236996,东西湖区,武汉市,湖北省,购物服务;专卖店;礼品饰品店
美联烟酒城(美联·奥林匹克花园二期店),奥园东路与碧水南路交叉口南320米,30.65272,114.239221,东西湖区,武汉市,湖北省,购物服务;专卖店;烟酒专卖店
MJstyle(永旺梦乐城金银潭店),将军路街办事处金银潭大道1号永旺梦乐城金银潭店1层101号,30.650195,114.236321,东西湖区,武汉市,湖北省,购物服务;服装鞋帽皮具店;品牌服装店
别提多美(奥园店),将军路街道奥园东路5号美联·奥林匹克花园二期,30.65257,114.239007,东西湖区,武汉市,湖北省,购物服务;购物相关场所;购物相关场所
Champion(永旺梦乐城店),金银潭大道1号永旺梦乐城武汉金银潭店1F层,30.650368,114.236671,东西湖区,武汉市,湖北省,购物服务;体育用品店;体育用品店
屈臣氏(武汉金银潭永旺梦乐城店),金银潭大道1号美联永旺梦乐城1楼,30.650597,114.237019,东西湖区,武汉市,湖北省,购物服务;超级市场;屈臣氏
NITORI(武汉永旺梦乐城),金银潭大道1号武汉永旺梦乐城2F层201a,30.650129,114.236332,东西湖区,武汉市,湖北省,购物服务;家居建材市场;布艺市场
MixBlu(武汉金银潭永旺梦乐城店),金银潭大道1号永旺梦乐城1F层105,30.650646,114.237168,东西湖区,武汉市,湖北省,购物服务;服装鞋帽皮具店;品牌服装店
菠萝树益智玩具体验馆(金银潭永旺店),金银潭永旺梦乐城3楼328菠萝树益智玩具体验馆,30.650477,114.23694,东西湖区,武汉市,湖北省,购物服务;专卖店;儿童用品店
ACC(武汉金银潭永旺梦乐城店),金银潭大道1号永旺梦乐城武汉金银潭店2F层,30.650692,114.237256,东西湖区,武汉市,湖北省,购物服务;服装鞋帽皮具店;服装鞋帽皮具店
祥瑞和酒业(航天·银湖湾店),环湖中路与金银潭大道交叉口南50米,30.649436,114.224119,东西湖区,武汉市,湖北省,购物服务;专卖店;烟酒专卖店
工贸家电(永旺梦乐城金银潭店),金银潭大道1号永旺梦乐城2F层234,30.650248,114.236741,东西湖区,武汉市,湖北省,购物服务;家电电子卖场;综合家电商场
Clarks(武汉金银潭永旺梦乐城店),将军路街办事处金银潭大道1号永旺梦乐城金银潭店1层135号,30.650332,114.236916,东西湖区,武汉市,湖北省,购物服务;服装鞋帽皮具店;品牌鞋店
乐卡克(武汉金银潭永旺梦乐城店),金银潭大道1号永旺梦乐城3F层304b,30.650547,114.237241,东西湖区,武汉市,湖北省,购物服务;专卖店;儿童用品店|购物服务;体育用品店;体育用品店
Apple授权专营店(金银潭永旺店),金银潭大道1号金银潭永旺一层133,30.650042,114.236509,东西湖区,武汉市,湖北省,购物服务;家电电子卖场;数码电子|购物服务;家电电子卖场;手机销售
U/TI(永旺梦乐城店),金银潭大道1号永旺梦乐城1F层135b,30.650317,114.237014,东西湖区,武汉市,湖北省,购物服务;服装鞋帽皮具店;品牌服装店
航天生活超市(航天·银湖湾店),航天银湖湾a座9号,30.649408,114.223861,东西湖区,武汉市,湖北省,购物服务;超级市场;超市
优衣库(金银潭永旺梦乐城店),金银潭大道1号永旺梦乐城1f,30.65066,114.237619,东西湖区,武汉市,湖北省,购物服务;服装鞋帽皮具店;品牌服装店
华为智能生活馆•武汉金银潭永旺梦乐城,将军路街道金银潭大道1号永旺梦乐城一楼137a-138华为智能生活馆,30.650088,114.236798,东西湖区,武汉市,湖北省,购物服务;家电电子卖场;手机销售
热风(武汉永旺梦乐城店),金银潭大道1号武汉永旺梦乐城二楼,30.650713,114.237691,东西湖区,武汉市,湖北省,购物服务;服装鞋帽皮具店;品牌服装店
宝岛眼镜(武汉金银潭永旺梦乐城店),金银潭大道永旺梦乐城2层232a,30.650246,114.237088,东西湖区,武汉市,湖北省,购物服务;专卖店;眼镜店
阿迪达斯店,金银潭大道1号永旺梦乐城武汉金银潭店2F层,30.649987,114.236711,东西湖区,武汉市,湖北省,购物服务;体育用品店;阿迪达斯专卖店
中国移动(金银潭永旺梦乐城),将军路街道金银潭大道1号永旺梦乐城1层A1门旁,30.649987,114.236711,东西湖区,武汉市,湖北省,生活服务;电讯营业厅;中国移动营业厅|购物服务;家电电子卖场;手机销售
泡泡玛特门店(武汉金银潭永旺梦乐城店),将军路街办事处金银潭大道1号1层NO128,30.650768,114.237925,东西湖区,武汉市,湖北省,购物服务;专卖店;儿童用品店
泰兰尼斯(永旺梦乐城金银潭店),金银潭大道1号永旺梦乐城武汉金银潭店3F层,30.650544,114.237651,东西湖区,武汉市,湖北省,购物服务;服装鞋帽皮具店;品牌服装店
武汉易读宝金银潭永旺店,金银潭大道1号永旺梦乐城武汉金银潭店3F层,30.650489,114.237651,东西湖区,武汉市,湖北省,购物服务;专卖店;专营店
乐智小天地,金银潭大道与康居四路交叉口北160米,30.650565,114.237782,东西湖区,武汉市,湖北省,购物服务;专卖店;儿童用品店
e·Fun Super科技潮玩社(武汉永旺梦乐城店),金银潭大道1号1层138B,30.650103,114.237136,东西湖区,武汉市,湖北省,购物服务;家电电子卖场;数码电子|购物服务;专卖店;专营店
酷乐潮玩(永旺梦乐城店),金银潭大道1号永旺梦乐城武汉金银潭店2F层,30.649958,114.236928,东西湖区,武汉市,湖北省,购物服务;专卖店;专营店
OPPO官方授权体验店(东西湖金银潭永旺店),将军路街道金银潭大道1号永旺梦乐城一楼139A,30.65009,114.237146,东西湖区,武汉市,湖北省,购物服务;家电电子卖场;手机销售
JINS(永旺梦乐城金银潭店),金银潭大道1号永旺梦乐城1F 109a,30.650727,114.238032,东西湖区,武汉市,湖北省,购物服务;专卖店;眼镜店
eco(武汉金银潭永旺梦乐城店),金银潭大道1号永旺梦乐城武汉金银潭店1F层,30.65059,114.237867,东西湖区,武汉市,湖北省,购物服务;购物相关场所;购物相关场所
IRA FAHRENHET(永旺梦乐城金银潭店),金银潭大道1号永旺梦乐城武汉金银潭店3F层,30.650327,114.237535,东西湖区,武汉市,湖北省,购物服务;服装鞋帽皮具店;服装鞋帽皮具店
海澜之家(永旺梦乐城店),金银潭大道1号永旺梦乐城武汉金银潭店3F层,30.65045,114.237714,东西湖区,武汉市,湖北省,购物服务;服装鞋帽皮具店;品牌服装店
永旺梦乐城金银潭店-座椅,金银潭大道与康居四路交叉口北220米,30.650955,114.238352,东西湖区,武汉市,湖北省,购物服务;购物相关场所;购物相关场所
BOY LONDON(永旺梦乐城金银潭店),金银潭大道1号永旺梦乐城1F层131,30.650268,114.237486,东西湖区,武汉市,湖北省,购物服务;服装鞋帽皮具店;品牌服装店
THE SHOES BAR(永旺梦乐城),金银潭大道1号永旺梦乐城3F层308,30.6507,114.238086,东西湖区,武汉市,湖北省,购物服务;服装鞋帽皮具店;品牌鞋店
NICEPET(武汉金银潭永旺梦乐城店),金银潭大道1号永旺梦乐城武汉金银潭店1F层,30.650019,114.237156,东西湖区,武汉市,湖北省,购物服务;专卖店;专营店
中国电信手机专卖(武汉永旺梦乐城),将军路街办事处金银潭大道1号永旺梦乐城1楼,30.649928,114.237022,东西湖区,武汉市,湖北省,购物服务;家电电子卖场;数码电子
北京同仁堂(永旺梦乐城金银潭店),永旺梦乐城140号,30.650076,114.237252,东西湖区,武汉市,湖北省,购物服务;购物相关场所;购物相关场所
Babycare金银潭店,金银潭大道1号永旺梦乐城武汉金银潭店3F层,30.650737,114.238161,东西湖区,武汉市,湖北省,购物服务;购物相关场所;购物相关场所