店铺名称,店铺具体地址,店铺具体坐标.纬度,店铺具体坐标.经度,店铺所在地区,店铺所在城市,店铺所在省份,店铺类别
荣运灌饼·烤冷面·凉皮(金银潭永旺店),环湖中路东铁塔路新澳阳光城西区1栋1层15室,30.659117,114.229421,东西湖区,武汉市,湖北省,餐饮服务;餐饮相关场所;餐饮相关
千寻味(新澳阳光城店),马池中路新澳阳光城南门千寻味,30.659381,114.230467,东西湖区,武汉市,湖北省,餐饮服务;糕饼店;糕饼店
黑皮牛肉面(马池中路店),金银湖街马池中路南、环湖中路东航天·兴隆国际一期1栋1-2层商17,30.658007,114.227763,东西湖区,武汉市,湖北省,餐饮服务;中餐厅;中餐厅
笼上蒸品(航天·兴隆国际店),马池中路升华现代城,30.657999,114.227693,东西湖区,武汉市,湖北省,餐饮服务;餐饮相关场所;餐饮相关
美味轩(航天·兴隆国际店),马池中路与环湖中路交叉口东160米,30.657968,114.227509,东西湖区,武汉市,湖北省,餐饮服务;中餐厅;中餐厅
汉马哥秘制牛骨面(新城璟汇店),航天·兴隆国际北门西160米,30.657912,114.227234,东西湖区,武汉市,湖北省,餐饮服务;快餐厅;快餐厅
常青麦香园(兴隆国际店),航天兴隆国际一期第1幢1-2层商3号,30.657863,114.227118,东西湖区,武汉市,湖北省,餐饮服务;餐饮相关场所;餐饮相关
郭记牛肉面馆(航天·兴隆国际店),马池中路与环湖中路交叉口东140米,30.657893,114.22722,东西湖区,武汉市,湖北省,餐饮服务;中餐厅;中餐厅
中国兰州牛肉拉面(二号路店),马池中路与环湖中路交叉口东120米,30.658248,114.226983,东西湖区,武汉市,湖北省,餐饮服务;中餐厅;清真菜馆
鸭血粉丝(金拓·银湖时代店),璟汇路与环湖中路交叉口东北180米,30.656022,114.227336,东西湖区,武汉市,湖北省,餐饮服务;中餐厅;中餐厅
亮亮龙虾(新城璟汇店),环湖中路航天兴隆国际(马池地铁站C口步行190米),30.657073,114.226304,东西湖区,武汉市,湖北省,餐饮服务;快餐厅;快餐厅
我家酒馆不打烊,马池中路与环湖中路交叉口东南100米,30.656959,114.22622,东西湖区,武汉市,湖北省,餐饮服务;中餐厅;中餐厅
定记烧烤王,马池中路与环湖中路交叉口南60米,30.657218,114.226005,东西湖区,武汉市,湖北省,餐饮服务;中餐厅;特色/地方风味餐厅
锅火火三汁焖锅(联通佳苑店),联通佳苑南3门旁,30.655508,114.231645,东西湖区,武汉市,湖北省,餐饮服务;中餐厅;中餐厅
俭让老妈砂锅串串马池路店(金银潭分店),环湖中路航天兴隆国际西门口,30.656261,114.226467,东西湖区,武汉市,湖北省,餐饮服务;中餐厅;火锅店
知知面点(金拓银湖时代店),马池片区东部、环湖路以东金拓·银湖时代G5、S3/单元1层商业号房,30.655485,114.227451,东西湖区,武汉市,湖北省,餐饮服务;快餐厅;快餐厅
常青麦稻香热干面(金拓·银湖时代店),环湖中路183号金拓银湖时代G1栋一13,30.656235,114.226236,东西湖区,武汉市,湖北省,餐饮服务;中餐厅;中餐厅
卢大师·襄阳牛肉面(庭瑞店),环湖中路183号金拓·银湖时代G2栋/单元1层商业号,30.655382,114.226892,东西湖区,武汉市,湖北省,餐饮服务;快餐厅;快餐厅
酵焙坊(马池店),金拓银湖时代G2-13商铺,30.655556,114.226542,东西湖区,武汉市,湖北省,餐饮服务;糕饼店;糕饼店
南京小笼包鸭血粉丝(金拓·银湖时代店),金银湖街道金拓银湖时代G2-17号商铺,30.655376,114.226774,东西湖区,武汉市,湖北省,餐饮服务;中餐厅;中餐厅
和善园包子,璟汇路G2-16,30.655499,114.226599,东西湖区,武汉市,湖北省,餐饮服务;餐饮相关场所;餐饮相关
襄樊牛肉面(马池分店),马池片区东部环湖路以东金拓银湖时代G2幢单元1层7商业号房,30.655544,114.226317,东西湖区,武汉市,湖北省,餐饮服务;中餐厅;中餐厅
路边摊小吃(金拓·银湖时代店),璟汇路北30米,30.655558,114.226217,东西湖区,武汉市,湖北省,餐饮服务;中餐厅;中餐厅
仟吉(庭瑞新汉口店),庭瑞新汉口中百仓储入口旁,30.658072,114.224736,东西湖区,武汉市,湖北省,餐饮服务;糕饼店;糕饼店
麦当劳(庭瑞新汉口店),马池中路9号,30.657895,114.224537,东西湖区,武汉市,湖北省,餐饮服务;快餐厅;麦当劳
哈尔滨饺子馆(庭瑞新汉口店),庭瑞新汉口南门东90米,30.658704,114.224358,东西湖区,武汉市,湖北省,餐饮服务;快餐厅;快餐厅
鹏记热干面(马池中路店),庭瑞新汉口南门东60米,30.658672,114.224117,东西湖区,武汉市,湖北省,餐饮服务;中餐厅;中餐厅
李记(庭瑞新汉口C区店),庭瑞新汉口C区,30.658631,114.224137,东西湖区,武汉市,湖北省,餐饮服务;中餐厅;中餐厅
酷食塔KRUSTA美式牛肉汉堡(庭悦荟店),马池中路庭瑞新汉口b2栋商31号,30.658088,114.223927,东西湖区,武汉市,湖北省,餐饮服务;快餐厅;快餐厅
BaoBaoKidsCafe,马池中路与环湖中路交叉口西120米,30.657869,114.223925,东西湖区,武汉市,湖北省,餐饮服务;咖啡厅;咖啡厅
鲍宝布克双语绘本馆,庭瑞新汉口B5栋6楼615,30.657869,114.223925,东西湖区,武汉市,湖北省,餐饮服务;咖啡厅;咖啡厅
大圣烧烤马池中路店,马池中路9号庭悦荟商业街,30.657458,114.223919,东西湖区,武汉市,湖北省,餐饮服务;餐饮相关场所;餐饮相关
黄蜀郎鸡公煲(二号路店),金银湖街道庭瑞新汉口B区6栋1层6号商铺,30.657661,114.223825,东西湖区,武汉市,湖北省,餐饮服务;中餐厅;中餐厅
古城壹面兰州牛肉面(汉口印象店),马池中路庭瑞新汉口B区,30.657445,114.223758,东西湖区,武汉市,湖北省,餐饮服务;快餐厅;快餐厅
柒呷呷川式烤肉(马池路店),马池中路庭悦荟B7栋1层2号,30.657853,114.223671,东西湖区,武汉市,湖北省,餐饮服务;中餐厅;中餐厅
咯咯鸡萌,金银湖街道庭瑞新汉口B7栋8号商铺,30.657499,114.223731,东西湖区,武汉市,湖北省,餐饮服务;餐饮相关场所;餐饮相关
东北饺子小酒馆,金银湖街道马池中路庭瑞新汉口B区,30.657855,114.223718,东西湖区,武汉市,湖北省,餐饮服务;中餐厅;特色/地方风味餐厅
俏阿郎麻辣香锅,金银湖街道马池中路9号庭瑞荟B1栋一楼13号铺,30.657337,114.223729,东西湖区,武汉市,湖北省,餐饮服务;中餐厅;中餐厅
东北饺子馆,二号路与马池西路交叉口东140米,30.657899,114.223606,东西湖区,武汉市,湖北省,餐饮服务;中餐厅;特色/地方风味餐厅
夜烤吧,马池中路与环湖中路交叉口西140米,30.657359,114.223658,东西湖区,武汉市,湖北省,餐饮服务;中餐厅;特色/地方风味餐厅
武汉市东西湖区张连明过桥米线店,二号路汉口印象,30.657722,114.223542,东西湖区,武汉市,湖北省,餐饮服务;快餐厅;快餐厅
啤酒大排档烧烤(新汉口店),"金银湖办事处马池中路9号家美天晟阳光城(汉口印象)二期B7号楼/单元1层商9,10,11,12,号2层1,2,3号",30.657063,114.223693,东西湖区,武汉市,湖北省,餐饮服务;中餐厅;特色/地方风味餐厅
张亮麻辣烫(二号路店),马池中路9号庭瑞新汉口B71层商4-5,30.657533,114.223568,东西湖区,武汉市,湖北省,餐饮服务;快餐厅;快餐厅
如意馄饨(庭瑞新汉口店),金银湖街道马池中路7号,30.657528,114.223568,东西湖区,武汉市,湖北省,餐饮服务;快餐厅;快餐厅
老火笨汤,马池中路9号家美天晟阳光城(汉口印象)二期B7号楼/单元1层商1,30.657632,114.223523,东西湖区,武汉市,湖北省,餐饮服务;中餐厅;中餐厅
蜀大侠(金银湖店),马池中路9号,30.657367,114.223479,东西湖区,武汉市,湖北省,餐饮服务;中餐厅;火锅店
Stary Bar啤酒大牌档,马池中路与环湖中路交叉口西140米,30.657345,114.22357,东西湖区,武汉市,湖北省,餐饮服务;中餐厅;中餐厅
三哥猪脚饭(悦尚美食城店),金银湖办事处马池中路9号家美天晟阳光城二期B1号楼1层商5号,30.657786,114.223401,东西湖区,武汉市,湖北省,餐饮服务;中餐厅;中餐厅
恬小零(庭悦荟店),金银湖办事处马池中路9号家美天晟阳光城(汉口印象)二期B23号楼/单元1层商40,30.657738,114.223398,东西湖区,武汉市,湖北省,餐饮服务;餐饮相关场所;餐饮相关
美蛙鱼头川湘菜(沿海丽水佳园店),沿海丽水佳园西3门北130米,30.65406,114.225718,东西湖区,武汉市,湖北省,餐饮服务;中餐厅;中餐厅
小禾宝锅盔烧烤店,环湖中路马池中路庭悦荟B1-14号商铺,30.657461,114.223234,东西湖区,武汉市,湖北省,餐饮服务;中餐厅;特色/地方风味餐厅
优斯麦手工烘焙(万丰·丰泽园店),金银湖街道马池北路万丰丰泽园30栋11号优斯麦,30.661364,114.224059,东西湖区,武汉市,湖北省,餐饮服务;餐饮相关场所;餐饮相关
常青农家小院(都市假日店),马池路以北、机场路以西都市假日东门3号门面,30.653035,114.23163,东西湖区,武汉市,湖北省,餐饮服务;中餐厅;中餐厅
冯记招牌水煮鱼(沿海丽水佳园店),马池路1号附58号,30.653821,114.225746,东西湖区,武汉市,湖北省,餐饮服务;快餐厅;快餐厅
苍井外带寿司(金银湖店),马池中路庭瑞新汉口商业街39号商铺,30.657112,114.223,东西湖区,武汉市,湖北省,餐饮服务;外国餐厅;日本料理
罗氏热干牛肉面(金银湖旗舰店),庭悦荟马池中路9号附88号,30.657706,114.222948,东西湖区,武汉市,湖北省,餐饮服务;餐饮相关场所;餐饮相关
瓦罐汤(沿海丽水佳园店),金银湖马池路特1号沿海丽水佳园,30.653701,114.225729,东西湖区,武汉市,湖北省,餐饮服务;快餐厅;快餐厅
煲煲渔喝汤的水煮鱼(永旺店),金银湖办事处马池中路9号家美天晟阳光城二期B1号楼悦尚美食汇1层商1号,30.657596,114.222775,东西湖区,武汉市,湖北省,餐饮服务;餐饮相关场所;餐饮相关
快乐薯,马池西路与二号路交叉口东南80米,30.657105,114.222798,东西湖区,武汉市,湖北省,餐饮服务;餐饮相关场所;餐饮相关
重庆鸡公煲(金银湖店),金银湖办事处马池中路9号家美天晟阳光城二期B1号楼1层商2号,30.658304,114.222626,东西湖区,武汉市,湖北省,餐饮服务;中餐厅;四川菜(川菜)
速味居黄焖鸡米饭(常青北路店),养殖场金银潭大道以北、机场路以东美联奥林匹克花园一期三区19栋1层商3,30.65403,114.234477,东西湖区,武汉市,湖北省,餐饮服务;餐饮相关场所;餐饮相关
黄蜀郎鸡公煲(沿海丽水佳园店),环湖中路丽水佳园C1-8栋17号商铺,30.653374,114.225742,东西湖区,武汉市,湖北省,餐饮服务;快餐厅;快餐厅
食神港式铁板炒饭(永旺店),美联奥林匹克花园一期三区19栋1层商5号,30.653978,114.234493,东西湖区,武汉市,湖北省,餐饮服务;中餐厅;中餐厅
土家酱香饼(马池中路一分店),常青花园新区街道马池北路万丰丰泽园菜场170号,30.660822,114.222721,东西湖区,武汉市,湖北省,餐饮服务;餐饮相关场所;餐饮相关
锅仔海鲜,将军路街奥园西路2号美联奥林匹克花园一期二区10栋1尚铺,30.653819,114.234416,东西湖区,武汉市,湖北省,餐饮服务;中餐厅;海鲜酒楼
啤酒大牌档夜烤吧,马池中路与马池西路交叉口东北60米,30.656702,114.222643,东西湖区,武汉市,湖北省,餐饮服务;中餐厅;特色/地方风味餐厅
食尚香飘香面馆,常青北路美联奥林匹克花园,30.65425,114.235062,东西湖区,武汉市,湖北省,餐饮服务;快餐厅;快餐厅
馋十一麻辣火锅.冒菜(永旺店),养殖场金银潭大道以北、机场路以东美联·奥林匹克花园一期二区10栋1层商4号,30.65364,114.234399,东西湖区,武汉市,湖北省,餐饮服务;餐饮相关场所;餐饮相关
翻滚吧蛋炒饭(金银潭永旺店),奥林匹克花园商业街10栋商11,30.653586,114.234353,东西湖区,武汉市,湖北省,餐饮服务;餐饮相关场所;餐饮相关
北京烤鸭(万丰·丰泽园店),万丰·丰泽园东南2门旁,30.660889,114.222717,东西湖区,武汉市,湖北省,餐饮服务;中餐厅;特色/地方风味餐厅
冷记卤品(丰泽园店),丰泽园生鲜市场1F-08号,30.660745,114.222609,东西湖区,武汉市,湖北省,餐饮服务;餐饮相关场所;餐饮相关
崔哥鑫福缘餐厅(丰泽园店),马池北路万丰丰泽园菜场1号门店,30.660249,114.222398,东西湖区,武汉市,湖北省,餐饮服务;中餐厅;中餐厅
渝味轩小馆,美联奥林匹克花园一期二区10栋一层,30.653332,114.234314,东西湖区,武汉市,湖北省,餐饮服务;中餐厅;中餐厅
重庆怪味黑鸭(金银湖店),环湖路丰泽园生鲜市场1F-32号,30.660839,114.222576,东西湖区,武汉市,湖北省,餐饮服务;餐饮相关场所;餐饮相关
紫燕百味鸡(武汉丰泽园店),金银湖办事处环湖中路22号丰泽园生鲜市场1F-12号门面,30.660748,114.222531,东西湖区,武汉市,湖北省,餐饮服务;餐饮相关场所;餐饮相关
慷馨鸭(丰泽园店),金银湖环湖中路170号附29号,30.660889,114.222518,东西湖区,武汉市,湖北省,餐饮服务;餐饮相关场所;餐饮相关
思午味猪角大王(丰泽园店),马池西路与马池北路交叉口北20米,30.660761,114.222398,东西湖区,武汉市,湖北省,餐饮服务;餐饮相关场所;餐饮相关
夏记牛肉面,美联·奥林匹克花园西北2门旁,30.65305,114.234208,东西湖区,武汉市,湖北省,餐饮服务;快餐厅;快餐厅
鲜羊肉吊锅(金湖苑小区店),马池西路与二号路交叉口西北40米,30.658011,114.221918,东西湖区,武汉市,湖北省,餐饮服务;中餐厅;中餐厅
火尧火考(金湖苑小区店),金湖苑小区,30.657941,114.221902,东西湖区,武汉市,湖北省,餐饮服务;中餐厅;中餐厅
老汉口牛杂面(金湖苑小区店),金苑街7号附162号,30.658845,114.221896,东西湖区,武汉市,湖北省,餐饮服务;快餐厅;快餐厅
胖子酸菜鱼(金湖苑小区店),李家墩社区金湖苑东门东北60米,30.659124,114.221914,东西湖区,武汉市,湖北省,餐饮服务;中餐厅;中餐厅
楚媳妇,常青北路与奥园路交叉口南260米,30.652998,114.234187,东西湖区,武汉市,湖北省,餐饮服务;中餐厅;中餐厅
倾城螺小仙螺蛳粉(轻工大学店),悦尚美食汇8号档口,30.657012,114.222035,东西湖区,武汉市,湖北省,餐饮服务;中餐厅;中餐厅
李富贵和刘桂香的伤心牛腩煲(金银潭店),金银潭北、机场路以东美联奥林匹克花园一期三区20栋1层商5,30.654576,114.236004,东西湖区,武汉市,湖北省,餐饮服务;中餐厅;中餐厅
小毛驴烧烤大排档(金湖苑小区店),金银湖街道金湖苑16-89号商铺,30.659261,114.221907,东西湖区,武汉市,湖北省,餐饮服务;中餐厅;中餐厅
热干牛肉面(金湖苑小区店),马池西路与二号路交叉口西北80米,30.65841,114.221809,东西湖区,武汉市,湖北省,餐饮服务;餐饮相关场所;餐饮相关
兰州拉面(武汉东西湖区),奥园西路2号一期二区11栋商3号,30.653013,114.234306,东西湖区,武汉市,湖北省,餐饮服务;中餐厅;清真菜馆
仔锅串烧(金湖苑小区店),马池西路金湖苑小区,30.658761,114.221763,东西湖区,武汉市,湖北省,餐饮服务;中餐厅;中餐厅
一根筋牛腩煲,金银潭奥林匹克花园一期20栋商5,30.654229,114.235938,东西湖区,武汉市,湖北省,餐饮服务;中餐厅;中餐厅
沙县小吃(和田门诊店),李家墩社区金湖苑东门旁,30.658787,114.221665,东西湖区,武汉市,湖北省,餐饮服务;中餐厅;特色/地方风味餐厅
吸猫体质咖啡馆,美联·奥林匹克花园1期1区2栋1-2层3号,30.652376,114.234072,东西湖区,武汉市,湖北省,体育休闲服务;娱乐场所;酒吧|餐饮服务;咖啡厅;咖啡厅
俭让老妈砂锅串串(金银潭店),美联奥林匹克花园商业街2栋商5,30.652327,114.234038,东西湖区,武汉市,湖北省,餐饮服务;中餐厅;火锅店
有间烤吧(美联店),美联奥林匹克花园1期2栋商铺6号,30.652251,114.23405,东西湖区,武汉市,湖北省,餐饮服务;中餐厅;中餐厅
巴比馒头(奥园东路店),奥园东路5号,30.654161,114.236631,东西湖区,武汉市,湖北省,餐饮服务;快餐厅;快餐厅
CoCo都可茶饮,外环东路与外环北路交叉口南100米,30.654184,114.2226,东西湖区,武汉市,湖北省,餐饮服务;冷饮店;冷饮店
老汉口地道湖北菜,马池中路汉口印象1期,30.656557,114.221321,东西湖区,武汉市,湖北省,餐饮服务;中餐厅;中餐厅
叫了只炸鸡(金银潭店),美联奥林匹克花园二期29幢1层,30.654075,114.236591,东西湖区,武汉市,湖北省,餐饮服务;快餐厅;快餐厅
武汉轻工大学金银湖校区金湖餐厅,环湖中路182号武汉轻工大学金银湖校区,30.65396,114.222739,东西湖区,武汉市,湖北省,餐饮服务;中餐厅;中餐厅
米掌门煲仔饭(轻工食堂店),马池中路9号轻工大学内金湖餐厅,30.653832,114.222823,东西湖区,武汉市,湖北省,餐饮服务;中餐厅;中餐厅
老曹煎包,美联·奥林匹克花园4号门西南110米,30.651879,114.233777,东西湖区,武汉市,湖北省,餐饮服务;中餐厅;中餐厅
香脆鸡扒饭(轻工大学金湖餐厅店),金银湖马池中路(轻工大学内),30.653944,114.222687,东西湖区,武汉市,湖北省,餐饮服务;中餐厅;中餐厅
武汉轻工大学金银湖校区银湖餐厅,轻工大学金银湖校区,30.65516,114.221817,东西湖区,武汉市,湖北省,餐饮服务;中餐厅;中餐厅
品味老汉口,马池中路9号汉口印象A5栋,30.656544,114.221221,东西湖区,武汉市,湖北省,餐饮服务;中餐厅;中餐厅
市井炸烫屋-美联店,美联奥林匹克一期,30.651894,114.233931,东西湖区,武汉市,湖北省,餐饮服务;餐饮相关场所;餐饮相关
金盛园老菜馆,奥园西路2号美联奥林匹克花园一期一区3栋1-2层,30.651873,114.233959,东西湖区,武汉市,湖北省,餐饮服务;中餐厅;中餐厅
红张飞·中国炸鸡,二号路与马池西路交叉口西140米,30.657262,114.220783,东西湖区,武汉市,湖北省,餐饮服务;快餐厅;快餐厅
金银角山味馆,常青花园马池八队常青村72号,30.664041,114.235684,东西湖区,武汉市,湖北省,餐饮服务;中餐厅;中餐厅
武汉轻工大学中快餐饮,内环路与积学路交叉口西北160米,30.653785,114.22254,东西湖区,武汉市,湖北省,餐饮服务;快餐厅;快餐厅
新襄记,东西湖马池轻工大学,30.655052,114.221581,东西湖区,武汉市,湖北省,餐饮服务;中餐厅;中餐厅
北京烤鸭,常青北路与金银潭大道交叉口东北320米,30.651978,114.234657,东西湖区,武汉市,湖北省,餐饮服务;中餐厅;特色/地方风味餐厅
醉美水乡(金银潭店),将军路街道奥园西路2号美联奥林匹克花园四期7栋单元1-2层商1号,30.655208,114.238135,东西湖区,武汉市,湖北省,餐饮服务;中餐厅;中餐厅
蜀汁记石锅饭(轻工大学金湖餐厅店),金银湖马池中路轻工大学内,30.653602,114.222102,东西湖区,武汉市,湖北省,餐饮服务;中餐厅;中餐厅
香帅宴·张之洞爱吃的湘楚民间菜,马池中路9号汉口印象7号楼,30.656252,114.220531,东西湖区,武汉市,湖北省,餐饮服务;中餐厅;湖南菜(湘菜)
牛骨面,奥园东路与奥园路交叉口西南60米,30.655036,114.238293,东西湖区,武汉市,湖北省,餐饮服务;中餐厅;中餐厅
汉马哥,奥园东路与奥园路交叉口南60米,30.654976,114.2383,东西湖区,武汉市,湖北省,餐饮服务;中餐厅;中餐厅
小派鸡排(二号路店),金湖苑小区东南门旁,30.657008,114.220201,东西湖区,武汉市,湖北省,餐饮服务;餐饮相关场所;餐饮相关
凤爪王,奥园东路与碧水南路交叉口东南20米,30.655366,114.238744,东西湖区,武汉市,湖北省,餐饮服务;餐饮相关场所;餐饮相关
云轩阁茶楼棋牌(马池路店),马池中路汉口印象一期,30.656484,114.220126,东西湖区,武汉市,湖北省,餐饮服务;茶艺馆;茶艺馆
友锅卤虾,金地北辰阅风华1栋2商,30.655329,114.238745,东西湖区,武汉市,湖北省,餐饮服务;中餐厅;中餐厅
长发家常菜,美联奥林匹克花园二期第30幢1层商5号,30.654141,114.23807,东西湖区,武汉市,湖北省,餐饮服务;中餐厅;中餐厅
原始烧烤(金银潭永旺店),丽水家园商服中心38号,30.65073,114.22557,东西湖区,武汉市,湖北省,餐饮服务;中餐厅;中餐厅
依慧农家菜(沿海丽水佳园店),马池路特1号丽水佳园s栋1层36室,30.650565,114.225885,东西湖区,武汉市,湖北省,餐饮服务;中餐厅;中餐厅
王师傅香辣虾(沿海丽水佳园店),金银湖马池路特1号沿海丽水佳园,30.650581,114.225817,东西湖区,武汉市,湖北省,餐饮服务;中餐厅;中餐厅
川湘菜馆(武汉东西湖区),马池路丽水佳园商铺35号,30.650569,114.225792,东西湖区,武汉市,湖北省,餐饮服务;中餐厅;中餐厅
毅先生的小火锅(金银湖店),马池路特1号沿海丽水佳园商服中心二楼(丽水招待所旁),30.650445,114.226133,东西湖区,武汉市,湖北省,餐饮服务;中餐厅;中餐厅
黄记炸酱面馆(沿海丽水佳园店),金银潭大道1附1号附近,30.650581,114.225659,东西湖区,武汉市,湖北省,餐饮服务;中餐厅;中餐厅
回民烧烤(丽水佳园店),马池路特一号丽水佳园S栋商业服务中心25号,30.650572,114.225986,东西湖区,武汉市,湖北省,餐饮服务;中餐厅;中餐厅
小四川(丽水佳园店),马池路丽水佳园商服中心34号,30.650397,114.225931,东西湖区,武汉市,湖北省,餐饮服务;中餐厅;四川菜(川菜)
小桃园汤大人(美联·奥林匹克花园二期店),将军路街奥园西路2号美联奥林匹克花园二期29栋商4,30.653323,114.237769,东西湖区,武汉市,湖北省,餐饮服务;中餐厅;中餐厅
星时尚海鲜餐厅,汉口印象10栋(马池中路),30.656003,114.219975,东西湖区,武汉市,湖北省,餐饮服务;中餐厅;海鲜酒楼
牛杂牛骨头(金地北辰阅风华店),奥园东路与碧水南路交叉口东南60米,30.655103,114.238948,东西湖区,武汉市,湖北省,餐饮服务;中餐厅;中餐厅
阿林烧烤(马池路店),金银湖街马池路1号附32号,30.650416,114.225744,东西湖区,武汉市,湖北省,餐饮服务;中餐厅;中餐厅
KO熊·牛排手作意面(金银潭永旺店),马池特1号丽水佳园商服中心32铺,30.650283,114.226024,东西湖区,武汉市,湖北省,餐饮服务;外国餐厅;西餐厅(综合风味)
蒸福包子(汀香北路店),金银湖街道马池还建小区金湖苑西门,30.657463,114.219564,东西湖区,武汉市,湖北省,餐饮服务;餐饮相关场所;餐饮相关
洋洋牛杂(沿海丽水佳园店),利水佳园商业街11号门面,30.650401,114.225659,东西湖区,武汉市,湖北省,餐饮服务;餐饮相关场所;餐饮相关
疆小丫·新疆炒米粉,丽水家园S栋商业服务中心30号,30.650292,114.22594,东西湖区,武汉市,湖北省,餐饮服务;中餐厅;中餐厅
本味家常菜,汀香北路与二号路交叉口东南100米,30.655935,114.219896,东西湖区,武汉市,湖北省,餐饮服务;中餐厅;中餐厅
徽丫头砂锅麻辣烫(永旺店),金地北辰阅风华5-11号门面,30.654945,114.238988,东西湖区,武汉市,湖北省,餐饮服务;中餐厅;综合酒楼
虾王赵(金银湖店),汀香北路金湖苑7附9商铺,30.65866,114.219438,东西湖区,武汉市,湖北省,餐饮服务;餐饮相关场所;餐饮相关
常青九村(金湖苑小区店),马池西路万丰丰泽园,30.657945,114.219429,东西湖区,武汉市,湖北省,餐饮服务;中餐厅;中餐厅
蔡甸郭记牛肉面馆(金湖苑店),汀香北路银湖苑小区西门5-10号,30.657619,114.219452,东西湖区,武汉市,湖北省,餐饮服务;中餐厅;中餐厅
荆楚园餐馆(马池路店),金湖苑小区西门北80米,30.658203,114.219405,东西湖区,武汉市,湖北省,餐饮服务;中餐厅;中餐厅
牧羊记(金湖苑小区店),马池中路汀香北路6号,30.658148,114.219405,东西湖区,武汉市,湖北省,餐饮服务;中餐厅;中餐厅
蔡明纬(马池路店),马池还建小区金湖苑5-6,30.657774,114.219423,东西湖区,武汉市,湖北省,餐饮服务;中餐厅;中餐厅
柳三哥生烫牛腰牛肉面(金银湖店),金湖苑小区西门旁,30.657884,114.219414,东西湖区,武汉市,湖北省,餐饮服务;中餐厅;中餐厅
牛肉热干面(金湖苑小区店),金湖苑小区西门西北60米,30.658019,114.219405,东西湖区,武汉市,湖北省,餐饮服务;快餐厅;快餐厅
一品香热干面大王蔡甸牛肉牛骨头面(金银湖店),汀香北路与马池北路交叉口南150米,30.65798,114.219405,东西湖区,武汉市,湖北省,餐饮服务;中餐厅;中餐厅
